neg,neu,pos,compound
0.16,0.84,0.0,-0.2263
0.0,1.0,0.0,0.0
0.0,0.606,0.394,0.0772
0.155,0.559,0.286,0.2732
0.0,1.0,0.0,0.0
0.127,0.558,0.315,0.5719
0.355,0.645,0.0,-0.5106
0.0,0.791,0.209,0.4019
0.0,1.0,0.0,0.0
0.0,1.0,0.0,0.0
0.0,1.0,0.0,0.0
0.0,1.0,0.0,0.0
0.529,0.286,0.186,-0.5267
0.0,1.0,0.0,0.0
0.307,0.693,0.0,-0.4767
0.0,1.0,0.0,0.0
0.0,1.0,0.0,0.0
0.593,0.116,0.291,-0.3818
0.26,0.74,0.0,-0.7964
0.197,0.568,0.236,0.2263
0.0,0.286,0.714,0.6124
0.0,1.0,0.0,0.0
0.0,1.0,0.0,0.0
0.0,0.286,0.714,0.6124
0.0,1.0,0.0,0.0
0.0,1.0,0.0,0.0
0.0,0.538,0.462,0.6124
0.315,0.685,0.0,-0.3182
0.0,1.0,0.0,0.0
0.0,0.375,0.625,0.1695
0.355,0.645,0.0,-0.8316
0.379,0.621,0.0,-0.6705
0.0,1.0,0.0,0.0
0.149,0.851,0.0,-0.1027
0.248,0.752,0.0,-0.5106
0.0,0.513,0.487,0.2263
0.588,0.412,0.0,-0.6908
0.0,1.0,0.0,0.0
0.0,1.0,0.0,0.0
0.346,0.654,0.0,-0.5719
0.0,0.49,0.51,0.8074
0.0,1.0,0.0,0.0
0.155,0.845,0.0,-0.296
0.0,0.286,0.714,0.3612
0.086,0.719,0.194,0.3612
0.0,1.0,0.0,0.0
0.102,0.753,0.145,0.2023
0.0,1.0,0.0,0.0
0.0,1.0,0.0,0.0
0.528,0.472,0.0,-0.7717
0.0,0.847,0.153,0.2023
0.0,0.312,0.688,0.296
0.0,1.0,0.0,0.0
0.268,0.732,0.0,-0.5106
0.524,0.476,0.0,-0.8316
0.174,0.826,0.0,-0.2263
0.0,1.0,0.0,0.0
0.0,0.0,0.0,0.0
0.185,0.538,0.277,0.296
0.185,0.815,0.0,-0.3612
0.0,0.625,0.375,0.5574
0.0,0.71,0.29,0.5423
0.0,0.896,0.104,0.2732
0.0,0.492,0.508,0.7351
0.29,0.71,0.0,-0.5994
0.0,0.192,0.808,0.6369
0.196,0.804,0.0,-0.296
0.229,0.446,0.325,0.128
0.0,1.0,0.0,0.0
0.512,0.488,0.0,-0.6369
0.212,0.788,0.0,-0.5423
0.0,1.0,0.0,0.0
0.0,0.645,0.355,0.5267
0.0,0.33,0.67,0.7269
0.0,0.602,0.398,0.5106
0.0,0.0,1.0,0.3182
0.0,0.789,0.211,0.4939
0.0,1.0,0.0,0.0
0.0,1.0,0.0,0.0
0.459,0.541,0.0,-0.1779
0.5,0.5,0.0,-0.7906
0.0,0.377,0.623,0.5106
0.0,0.732,0.268,0.296
0.0,0.408,0.592,0.4404
0.512,0.488,0.0,-0.2732
0.0,1.0,0.0,0.0
0.0,0.667,0.333,0.25
0.081,0.738,0.181,0.3612
0.075,0.755,0.17,0.3612
0.322,0.678,0.0,-0.2263
0.0,0.723,0.277,0.3182
0.37,0.37,0.259,-0.2263
0.084,0.764,0.153,0.2263
0.797,0.203,0.0,-0.9153
0.0,0.545,0.455,0.6124
0.0,1.0,0.0,0.0
0.0,1.0,0.0,0.0
0.0,1.0,0.0,0.0
0.375,0.625,0.0,-0.5574
0.189,0.811,0.0,-0.2732
0.448,0.552,0.0,-0.7579
0.0,1.0,0.0,0.0
0.0,0.929,0.071,0.0772
0.57,0.352,0.077,-0.9325
0.552,0.448,0.0,-0.8126
0.223,0.777,0.0,-0.3182
0.312,0.496,0.191,-0.4019
0.0,1.0,0.0,0.0
0.0,1.0,0.0,0.0
0.512,0.488,0.0,-0.2732
0.0,1.0,0.0,0.0
0.0,1.0,0.0,0.0
0.0,0.0,1.0,0.3612
0.25,0.556,0.194,-0.2023
0.0,0.748,0.252,0.4019
0.0,0.417,0.583,0.4215
0.0,0.678,0.322,0.8225
0.075,0.925,0.0,-0.296
0.106,0.455,0.439,0.6597
0.0,0.588,0.412,0.6808
0.0,1.0,0.0,0.0
0.192,0.577,0.231,0.1027
0.0,1.0,0.0,0.0
0.649,0.351,0.0,-0.5719
0.0,0.213,0.787,0.5719
0.205,0.795,0.0,-0.2023
0.0,0.748,0.252,0.4019
0.0,1.0,0.0,0.0
0.0,0.704,0.296,0.2732
0.538,0.462,0.0,-0.5423
0.0,1.0,0.0,0.0
0.0,1.0,0.0,0.0
0.326,0.558,0.116,-0.7096
0.0,0.769,0.231,0.4019
0.318,0.682,0.0,-0.4939
0.0,1.0,0.0,0.0
0.0,1.0,0.0,0.0
0.0,1.0,0.0,0.0
0.0,1.0,0.0,0.0
0.333,0.667,0.0,-0.4588
0.271,0.729,0.0,-0.3818
0.421,0.579,0.0,-0.2924
0.773,0.227,0.0,-0.5267
0.346,0.654,0.0,-0.5719
0.0,1.0,0.0,0.0
0.241,0.759,0.0,-0.2263
0.0,1.0,0.0,0.0
0.0,0.656,0.344,0.2732
0.0,0.625,0.375,0.34
0.0,1.0,0.0,0.0
0.0,0.253,0.747,0.7096
0.251,0.604,0.145,-0.5423
0.0,0.625,0.375,0.6597
0.0,0.698,0.302,0.0772
0.186,0.497,0.317,0.2732
0.12,0.696,0.184,0.25
0.132,0.517,0.351,0.5859
0.0,0.891,0.109,0.0258
0.0,0.211,0.789,0.9042
0.0,1.0,0.0,0.0
0.293,0.707,0.0,-0.4404
0.0,1.0,0.0,0.0
0.0,0.917,0.083,0.2023
0.0,1.0,0.0,0.0
0.0,1.0,0.0,0.0
0.0,1.0,0.0,0.0
0.0,0.563,0.437,0.7351
0.134,0.712,0.154,0.1779
0.357,0.643,0.0,-0.6124
0.14,0.526,0.333,0.4939
0.146,0.662,0.192,0.1779
0.0,0.377,0.623,0.5106
0.0,1.0,0.0,0.0
0.0,1.0,0.0,0.0
0.0,0.51,0.49,0.5859
0.0,1.0,0.0,0.0
0.0,0.614,0.386,0.6167
0.672,0.328,0.0,-0.6249
0.227,0.773,0.0,-0.5719
0.246,0.439,0.316,0.2023
0.73,0.27,0.0,-0.4019
0.0,0.755,0.245,0.0772
0.0,1.0,0.0,0.0
0.0,1.0,0.0,0.0
0.0,0.863,0.137,0.2263
0.231,0.769,0.0,-0.4019
0.0,1.0,0.0,0.0
0.374,0.59,0.036,-0.8832
0.0,1.0,0.0,0.0
0.0,1.0,0.0,0.0
0.0,0.769,0.231,0.3182
0.0,0.0,1.0,0.4215
0.205,0.795,0.0,-0.5994
0.0,1.0,0.0,0.0
0.0,1.0,0.0,0.0
0.453,0.211,0.337,-0.0258
0.0,0.0,1.0,0.4019
0.0,1.0,0.0,0.0
0.595,0.405,0.0,-0.8689
0.0,1.0,0.0,0.0
1.0,0.0,0.0,-0.8481
0.0,1.0,0.0,0.0
0.0,0.755,0.245,0.0772
0.412,0.588,0.0,-0.743
0.0,0.654,0.346,0.5719
0.0,1.0,0.0,0.0
0.288,0.48,0.232,-0.1779
0.0,1.0,0.0,0.0
0.0,0.526,0.474,0.5574
0.196,0.804,0.0,-0.296
0.0,1.0,0.0,0.0
0.0,1.0,0.0,0.0
0.528,0.472,0.0,-0.6808
0.35,0.49,0.161,-0.4019
0.0,1.0,0.0,0.0
0.467,0.533,0.0,-0.5423
0.568,0.16,0.272,-0.5719
0.0,1.0,0.0,0.0
0.0,0.556,0.444,0.34
0.0,1.0,0.0,0.0
0.318,0.682,0.0,-0.6369
0.0,0.68,0.32,0.5106
0.0,1.0,0.0,0.0
0.0,0.691,0.309,0.8131
0.386,0.458,0.157,-0.5423
0.0,0.704,0.296,0.2732
0.231,0.769,0.0,-0.4588
0.0,0.658,0.342,0.3818
0.324,0.676,0.0,-0.34
0.0,1.0,0.0,0.0
0.266,0.734,0.0,-0.4404
0.346,0.654,0.0,-0.6486
0.192,0.808,0.0,-0.2263
0.277,0.723,0.0,-0.3182
0.259,0.741,0.0,-0.5423
0.622,0.378,0.0,-0.5096
0.0,0.488,0.512,0.2732
0.0,1.0,0.0,0.0
0.0,1.0,0.0,0.0
0.753,0.247,0.0,-0.7269
0.2,0.625,0.175,-0.1027
0.0,1.0,0.0,0.0
0.204,0.663,0.133,-0.3119
0.0,1.0,0.0,0.0
0.0,1.0,0.0,0.0
0.0,1.0,0.0,0.0
0.672,0.328,0.0,-0.6249
0.545,0.455,0.0,-0.34
0.341,0.397,0.262,-0.25
0.0,0.545,0.455,0.3612
0.0,0.455,0.545,0.5574
0.0,0.753,0.247,0.5574
0.0,1.0,0.0,0.0
0.0,0.597,0.403,0.4019
0.565,0.435,0.0,-0.7964
0.163,0.425,0.411,0.5426
0.545,0.455,0.0,-0.5574
0.169,0.667,0.164,-0.0258
0.0,1.0,0.0,0.0
0.0,1.0,0.0,0.0
0.0,1.0,0.0,0.0
0.526,0.365,0.109,-0.7717
0.0,1.0,0.0,0.0
0.34,0.66,0.0,-0.5574
0.0,1.0,0.0,0.0
0.322,0.678,0.0,-0.5859
0.0,0.286,0.714,0.3612
0.448,0.552,0.0,-0.7579
0.202,0.462,0.335,0.3182
0.0,1.0,0.0,0.0
0.508,0.492,0.0,-0.4767
0.0,0.707,0.293,0.4404
0.237,0.515,0.247,0.0258
0.0,0.708,0.292,0.5106
0.0,0.444,0.556,0.3612
0.24,0.533,0.227,-0.0516
0.0,0.351,0.649,0.5719
0.331,0.669,0.0,-0.7845
0.0,1.0,0.0,0.0
0.0,1.0,0.0,0.0
0.176,0.648,0.176,0.0
0.0,1.0,0.0,0.0
0.0,0.526,0.474,0.2023
0.0,0.826,0.174,0.2732
0.333,0.667,0.0,-0.25
0.0,1.0,0.0,0.0
0.0,0.25,0.75,0.7184
0.636,0.364,0.0,-0.5423
0.318,0.682,0.0,-0.1027
0.306,0.694,0.0,-0.296
0.0,0.642,0.358,0.7783
0.0,0.625,0.375,0.2023
0.722,0.278,0.0,-0.3818
0.0,0.444,0.556,0.3626
0.0,0.8,0.2,0.128
0.608,0.392,0.0,-0.8519
0.223,0.652,0.125,-0.4215
0.0,1.0,0.0,0.0
0.0,1.0,0.0,0.0
0.0,0.404,0.596,0.7096
0.0,1.0,0.0,0.0
0.241,0.759,0.0,-0.2263
0.278,0.722,0.0,-0.4019
0.122,0.565,0.313,0.6597
0.0,0.815,0.185,0.3612
0.0,0.448,0.552,0.4019
0.0,1.0,0.0,0.0
0.348,0.652,0.0,-0.4939
0.336,0.522,0.142,-0.5574
0.0,1.0,0.0,0.0
0.0,0.838,0.162,0.4019
0.273,0.727,0.0,-0.8402
0.118,0.882,0.0,-0.25
0.0,1.0,0.0,0.0
0.231,0.533,0.237,-0.2263
0.0,1.0,0.0,0.0
0.31,0.69,0.0,-0.6705
0.385,0.615,0.0,-0.3612
0.0,1.0,0.0,0.0
0.0,1.0,0.0,0.0
0.322,0.678,0.0,-0.2263
0.0,0.519,0.481,0.5719
0.0,1.0,0.0,0.0
0.211,0.789,0.0,-0.34
0.0,1.0,0.0,0.0
0.0,0.286,0.714,0.3612
0.0,0.805,0.195,0.4404
0.128,0.48,0.392,0.5106
0.0,0.548,0.452,0.5106
0.0,0.824,0.176,0.128
0.206,0.794,0.0,-0.3818
0.0,1.0,0.0,0.0
0.0,1.0,0.0,0.0
0.0,1.0,0.0,0.0
0.29,0.556,0.154,-0.296
0.0,0.775,0.225,0.4404
0.0,0.213,0.787,0.5719
0.365,0.635,0.0,-0.3182
0.0,0.233,0.767,0.5106
0.677,0.323,0.0,-0.2732
0.398,0.526,0.076,-0.6705
0.0,1.0,0.0,0.0
0.457,0.543,0.0,-0.4939
0.272,0.728,0.0,-0.6249
0.0,0.567,0.433,0.7269
0.0,0.508,0.492,0.8271
0.224,0.592,0.184,-0.1531
0.0,0.625,0.375,0.6597
0.0,1.0,0.0,0.0
0.0,1.0,0.0,0.0
0.429,0.508,0.062,-0.8176
0.0,1.0,0.0,0.0
0.0,1.0,0.0,0.0
0.0,1.0,0.0,0.0
0.0,1.0,0.0,0.0
0.0,1.0,0.0,0.0
0.0,0.745,0.255,0.34
0.0,0.357,0.643,0.2023
0.0,0.256,0.744,0.4404
0.0,1.0,0.0,0.0
0.0,1.0,0.0,0.0
0.0,1.0,0.0,0.0
0.0,1.0,0.0,0.0
0.0,0.863,0.137,0.2263
0.0,0.789,0.211,0.34
0.0,0.824,0.176,0.128
0.0,0.0,1.0,0.6705
0.365,0.635,0.0,-0.5574
0.0,1.0,0.0,0.0
0.23,0.556,0.214,-0.1027
0.0,0.342,0.658,0.7717
0.0,1.0,0.0,0.0
0.0,0.89,0.11,0.2732
0.467,0.533,0.0,-0.5423
0.39,0.61,0.0,-0.4939
0.672,0.328,0.0,-0.6249
0.302,0.698,0.0,-0.3818
0.387,0.613,0.0,-0.9001
0.112,0.485,0.403,0.7184
0.169,0.242,0.589,0.7351
0.353,0.647,0.0,-0.7184
0.0,0.761,0.239,0.296
0.0,1.0,0.0,0.0
0.0,1.0,0.0,0.0
0.0,0.408,0.592,0.4404
0.239,0.761,0.0,-0.296
0.0,0.922,0.078,0.0258
0.0,1.0,0.0,0.0
0.0,1.0,0.0,0.0
0.19,0.81,0.0,-0.6124
0.391,0.609,0.0,-0.5423
0.0,1.0,0.0,0.0
0.0,1.0,0.0,0.0
0.263,0.595,0.142,-0.3472
0.0,1.0,0.0,0.0
0.0,1.0,0.0,0.0
0.0,0.741,0.259,0.4215
0.118,0.882,0.0,-0.25
0.0,0.0,1.0,0.5994
0.0,0.709,0.291,0.5719
0.603,0.397,0.0,-0.8442
0.0,1.0,0.0,0.0
0.0,1.0,0.0,0.0
0.0,1.0,0.0,0.0
0.0,1.0,0.0,0.0
0.0,1.0,0.0,0.0
0.0,0.769,0.231,0.5994
0.53,0.397,0.073,-0.7845
0.28,0.53,0.189,-0.0516
0.0,0.233,0.767,0.5106
0.0,1.0,0.0,0.0
0.0,1.0,0.0,0.0
0.2,0.8,0.0,-0.25
0.0,1.0,0.0,0.0
0.0,0.0,1.0,0.4215
0.197,0.803,0.0,-0.4019
0.084,0.636,0.28,0.7068
0.0,1.0,0.0,0.0
0.074,0.602,0.324,0.8271
0.516,0.484,0.0,-0.4939
0.0,1.0,0.0,0.0
0.0,1.0,0.0,0.0
0.0,0.4,0.6,0.4588
0.0,0.323,0.677,0.6369
0.0,0.714,0.286,0.2023
0.756,0.244,0.0,-0.7351
0.0,1.0,0.0,0.0
0.0,1.0,0.0,0.0
0.396,0.604,0.0,-0.7096
0.0,1.0,0.0,0.0
0.396,0.604,0.0,-0.7096
0.0,1.0,0.0,0.0
0.0,1.0,0.0,0.0
0.156,0.844,0.0,-0.34
0.119,0.725,0.155,0.1779
0.0,1.0,0.0,0.0
0.0,1.0,0.0,0.0
0.409,0.591,0.0,-0.8074
0.0,1.0,0.0,0.0
0.402,0.598,0.0,-0.8126
0.0,1.0,0.0,0.0
0.0,1.0,0.0,0.0
0.0,0.0,1.0,0.5574
0.0,1.0,0.0,0.0
0.0,1.0,0.0,0.0
0.372,0.404,0.224,-0.5106
0.0,0.575,0.425,0.5719
0.0,0.545,0.455,0.3612
0.0,1.0,0.0,0.0
0.402,0.357,0.241,-0.4215
0.571,0.429,0.0,-0.8519
0.0,1.0,0.0,0.0
0.0,0.405,0.595,0.5267
0.474,0.526,0.0,-0.4023
0.365,0.635,0.0,-0.3182
0.424,0.576,0.0,-0.7096
0.308,0.602,0.09,-0.5994
0.0,0.476,0.524,0.5106
0.0,1.0,0.0,0.0
0.0,1.0,0.0,0.0
0.18,0.82,0.0,-0.3182
0.195,0.65,0.154,-0.128
0.315,0.47,0.215,-0.3612
0.181,0.361,0.458,0.5106
0.0,1.0,0.0,0.0
0.255,0.612,0.133,-0.5267
0.61,0.39,0.0,-0.6908
0.71,0.29,0.0,-0.5994
0.283,0.345,0.372,0.0772
0.464,0.536,0.0,-0.6369
0.0,1.0,0.0,0.0
0.0,1.0,0.0,0.0
0.0,0.607,0.393,0.6348
0.187,0.813,0.0,-0.3182
0.0,0.51,0.49,0.8271
0.365,0.635,0.0,-0.6808
0.0,1.0,0.0,0.0
0.0,0.323,0.677,0.6369
0.171,0.526,0.303,0.25
0.52,0.48,0.0,-0.7579
0.0,0.756,0.244,0.4404
0.358,0.407,0.236,-0.3612
0.0,0.0,0.0,0.0
0.269,0.5,0.231,-0.25
0.0,1.0,0.0,0.0
0.0,1.0,0.0,0.0
0.0,1.0,0.0,0.0
0.0,0.714,0.286,0.5574
0.0,1.0,0.0,0.0
0.0,1.0,0.0,0.0
0.583,0.417,0.0,-0.8126
0.0,1.0,0.0,0.0
0.0,0.286,0.714,0.3612
0.0,1.0,0.0,0.0
0.216,0.784,0.0,-0.296
0.0,1.0,0.0,0.0
1.0,0.0,0.0,-0.4767
0.0,0.417,0.583,0.6369
0.149,0.851,0.0,-0.1027
0.0,1.0,0.0,0.0
