neg,neu,pos,compound
0.0,0.72,0.28,0.6808
0.0,1.0,0.0,0.0
0.459,0.376,0.165,-0.5994
0.0,0.63,0.37,0.5719
0.0,1.0,0.0,0.0
0.0,1.0,0.0,0.0
0.545,0.455,0.0,-0.802
0.688,0.312,0.0,-0.296
0.0,0.545,0.455,0.3612
0.0,1.0,0.0,0.0
0.0,1.0,0.0,0.0
0.42,0.466,0.114,-0.7845
0.0,1.0,0.0,0.0
0.424,0.412,0.165,-0.5267
0.0,0.444,0.556,0.3612
0.196,0.804,0.0,-0.6808
0.253,0.361,0.387,0.3818
0.42,0.58,0.0,-0.891
0.368,0.535,0.097,-0.7964
0.0,1.0,0.0,0.0
0.083,0.71,0.207,0.4588
0.0,0.654,0.346,0.5719
0.678,0.322,0.0,-0.2755
0.0,0.388,0.612,0.743
0.0,0.726,0.274,0.5994
0.405,0.595,0.0,-0.5267
0.0,1.0,0.0,0.0
0.085,0.915,0.0,-0.4019
0.0,1.0,0.0,0.0
0.466,0.373,0.161,-0.5994
0.0,0.417,0.583,0.4215
0.0,1.0,0.0,0.0
0.0,0.0,1.0,0.2023
0.603,0.335,0.062,-0.9263
0.406,0.492,0.102,-0.8126
0.0,1.0,0.0,0.0
0.783,0.217,0.0,-0.5574
0.0,1.0,0.0,0.0
0.0,1.0,0.0,0.0
0.0,1.0,0.0,0.0
0.367,0.633,0.0,-0.4404
0.0,1.0,0.0,0.0
0.0,0.154,0.846,0.6705
0.0,0.0,0.0,0.0
0.0,0.61,0.39,0.4939
0.0,1.0,0.0,0.0
0.358,0.377,0.264,-0.3612
0.276,0.491,0.233,-0.1779
0.0,1.0,0.0,0.0
0.0,0.244,0.756,0.4767
0.162,0.608,0.23,0.25
0.0,1.0,0.0,0.0
0.0,1.0,0.0,0.0
0.187,0.674,0.14,-0.2023
0.214,0.786,0.0,-0.7783
0.385,0.513,0.103,-0.872
0.0,1.0,0.0,0.0
0.0,1.0,0.0,0.0
0.0,0.313,0.687,0.2944
0.0,0.658,0.342,0.3818
0.0,0.858,0.142,0.5859
0.0,0.735,0.265,0.2023
0.0,1.0,0.0,0.0
0.0,0.375,0.625,0.1695
0.0,1.0,0.0,0.0
0.0,1.0,0.0,0.0
0.0,0.465,0.535,0.3182
0.0,0.448,0.552,0.5719
0.0,1.0,0.0,0.0
0.0,0.545,0.455,0.3612
0.0,1.0,0.0,0.0
0.153,0.631,0.216,0.1779
0.0,1.0,0.0,0.0
0.0,1.0,0.0,0.0
0.16,0.625,0.215,0.2023
0.0,1.0,0.0,0.0
0.0,0.667,0.333,0.6705
0.0,1.0,0.0,0.0
0.467,0.533,0.0,-0.5423
0.0,0.815,0.185,0.3612
0.659,0.341,0.0,-0.7003
0.0,1.0,0.0,0.0
0.0,0.156,0.844,0.6597
0.0,0.323,0.677,0.2732
0.633,0.367,0.0,-0.7096
0.353,0.438,0.209,-0.6049
0.0,0.0,1.0,0.4588
0.0,0.408,0.592,0.4404
0.0,1.0,0.0,0.0
0.0,1.0,0.0,0.0
0.0,0.434,0.566,0.3832
0.412,0.588,0.0,-0.1027
0.0,0.915,0.085,0.3612
0.0,0.548,0.452,0.5106
0.0,1.0,0.0,0.0
0.0,0.0,1.0,0.3182
0.0,1.0,0.0,0.0
0.126,0.756,0.118,-0.0772
0.0,0.357,0.643,0.2023
0.0,1.0,0.0,0.0
0.0,1.0,0.0,0.0
0.0,0.455,0.545,0.34
0.0,0.345,0.655,0.5859
0.281,0.523,0.196,-0.7096
0.233,0.621,0.146,-0.276
0.186,0.575,0.239,0.1653
0.0,1.0,0.0,0.0
0.31,0.69,0.0,-0.4019
0.0,1.0,0.0,0.0
0.0,0.517,0.483,0.4215
0.406,0.594,0.0,-0.6249
0.0,1.0,0.0,0.0
0.0,1.0,0.0,0.0
0.094,0.82,0.086,-0.0516
0.0,0.748,0.252,0.4019
0.385,0.615,0.0,-0.3612
0.0,0.0,0.0,0.0
0.878,0.122,0.0,-0.802
0.353,0.556,0.091,-0.9068
0.0,1.0,0.0,0.0
0.636,0.364,0.0,-0.5423
0.519,0.481,0.0,-0.6597
0.0,0.682,0.318,0.4215
0.0,1.0,0.0,0.0
0.0,1.0,0.0,0.0
0.0,1.0,0.0,0.0
0.0,0.0,0.0,0.0
0.0,0.0,1.0,0.5267
0.0,1.0,0.0,0.0
0.0,1.0,0.0,0.0
0.463,0.451,0.086,-0.8807
0.0,0.213,0.787,0.5719
0.111,0.645,0.243,0.5423
0.0,0.444,0.556,0.3612
0.0,1.0,0.0,0.0
0.481,0.472,0.047,-0.9299
0.0,1.0,0.0,0.0
0.139,0.861,0.0,-0.2732
0.386,0.429,0.186,-0.34
0.291,0.709,0.0,-0.5719
0.0,0.0,0.0,0.0
0.0,1.0,0.0,0.0
0.326,0.486,0.188,-0.4588
0.0,1.0,0.0,0.0
0.277,0.532,0.191,-0.4939
0.0,0.762,0.238,0.3612
1.0,0.0,0.0,-0.296
0.0,1.0,0.0,0.0
0.0,1.0,0.0,0.0
0.0,1.0,0.0,0.0
1.0,0.0,0.0,-0.4404
0.0,0.549,0.451,0.8126
0.0,0.426,0.574,0.4019
0.0,1.0,0.0,0.0
0.0,0.377,0.623,0.5118
0.0,1.0,0.0,0.0
0.196,0.804,0.0,-0.296
0.0,1.0,0.0,0.0
0.191,0.441,0.368,0.34
0.0,0.345,0.655,0.5859
0.0,1.0,0.0,0.0
0.0,1.0,0.0,0.0
0.235,0.672,0.093,-0.5423
0.0,0.513,0.487,0.2263
0.0,1.0,0.0,0.0
0.0,0.783,0.217,0.3612
0.0,1.0,0.0,0.0
0.0,1.0,0.0,0.0
0.098,0.78,0.122,0.128
0.0,0.929,0.071,0.0772
0.0,0.724,0.276,0.4939
0.352,0.331,0.316,-0.0516
0.0,1.0,0.0,0.0
0.804,0.196,0.0,-0.6249
0.0,1.0,0.0,0.0
0.163,0.568,0.268,0.122
0.0,0.87,0.13,0.2023
0.0,1.0,0.0,0.0
0.0,1.0,0.0,0.0
0.0,1.0,0.0,0.0
0.0,0.444,0.556,0.3612
0.0,1.0,0.0,0.0
0.0,0.58,0.42,0.4404
0.0,0.526,0.474,0.4019
0.0,1.0,0.0,0.0
0.0,0.323,0.677,0.2732
0.778,0.222,0.0,-0.5423
0.208,0.666,0.126,-0.2484
0.0,1.0,0.0,0.0
0.492,0.508,0.0,-0.4404
0.0,1.0,0.0,0.0
0.0,1.0,0.0,0.0
0.0,0.787,0.213,0.4019
0.0,0.385,0.615,0.4939
0.0,1.0,0.0,0.0
0.0,0.81,0.19,0.6597
1.0,0.0,0.0,-0.1779
0.207,0.732,0.061,-0.6808
0.0,0.612,0.388,0.6908
0.0,1.0,0.0,0.0
0.0,1.0,0.0,0.0
0.104,0.785,0.111,0.0366
0.0,0.378,0.622,0.91
0.0,1.0,0.0,0.0
0.0,1.0,0.0,0.0
0.0,0.85,0.15,0.3182
0.0,0.286,0.714,0.3612
0.0,1.0,0.0,0.0
0.25,0.588,0.162,-0.296
0.0,0.726,0.274,0.8074
0.0,1.0,0.0,0.0
0.0,0.575,0.425,0.5719
0.623,0.377,0.0,-0.5106
0.081,0.838,0.081,0.0
0.362,0.638,0.0,-0.1779
0.344,0.656,0.0,-0.8126
0.0,0.641,0.359,0.4215
0.0,1.0,0.0,0.0
0.0,0.303,0.697,0.3182
1.0,0.0,0.0,-0.7269
0.102,0.898,0.0,-0.3612
0.412,0.588,0.0,-0.2732
0.0,1.0,0.0,0.0
0.0,1.0,0.0,0.0
0.0,1.0,0.0,0.0
0.0,1.0,0.0,0.0
0.868,0.132,0.0,-0.765
0.0,1.0,0.0,0.0
0.0,0.0,0.0,0.0
0.0,0.238,0.762,0.4939
0.0,1.0,0.0,0.0
0.0,1.0,0.0,0.0
0.0,1.0,0.0,0.0
0.0,1.0,0.0,0.0
0.0,1.0,0.0,0.0
0.0,1.0,0.0,0.0
0.891,0.109,0.0,-0.8481
0.214,0.598,0.188,-0.2263
0.0,1.0,0.0,0.0
0.0,0.423,0.577,0.6249
0.0,1.0,0.0,0.0
0.0,1.0,0.0,0.0
0.0,1.0,0.0,0.0
0.302,0.698,0.0,-0.0772
0.45,0.55,0.0,-0.5994
0.0,1.0,0.0,0.0
0.0,1.0,0.0,0.0
0.192,0.701,0.107,-0.2023
0.0,1.0,0.0,0.0
0.0,1.0,0.0,0.0
0.0,0.36,0.64,0.7964
0.0,1.0,0.0,0.0
0.457,0.543,0.0,-0.6369
0.496,0.504,0.0,-0.7096
0.583,0.417,0.0,-0.4215
0.0,1.0,0.0,0.0
0.0,1.0,0.0,0.0
0.0,1.0,0.0,0.0
0.357,0.42,0.224,-0.2263
0.0,0.256,0.744,0.4404
0.0,1.0,0.0,0.0
0.0,1.0,0.0,0.0
0.0,1.0,0.0,0.0
0.0,0.323,0.677,0.2732
0.663,0.096,0.24,-0.6597
0.0,1.0,0.0,0.0
0.0,0.0,0.0,0.0
0.0,1.0,0.0,0.0
0.0,1.0,0.0,0.0
0.0,1.0,0.0,0.0
0.5,0.5,0.0,-0.25
0.0,0.345,0.655,0.5859
0.0,1.0,0.0,0.0
0.337,0.573,0.09,-0.7096
0.0,0.69,0.31,0.2023
0.288,0.583,0.129,-0.5994
0.0,1.0,0.0,0.0
0.0,1.0,0.0,0.0
0.0,1.0,0.0,0.0
0.0,1.0,0.0,0.0
0.0,0.286,0.714,0.3612
0.0,1.0,0.0,0.0
0.0,0.385,0.615,0.4939
0.0,0.278,0.722,0.3818
0.452,0.548,0.0,-0.5096
0.0,1.0,0.0,0.0
0.105,0.842,0.053,-0.3612
0.13,0.628,0.242,0.3612
0.0,0.351,0.649,0.5719
0.0,1.0,0.0,0.0
0.0,0.685,0.315,0.5574
0.456,0.449,0.094,-0.9442
0.0,0.678,0.322,0.2263
0.483,0.517,0.0,-0.4215
0.0,1.0,0.0,0.0
0.0,1.0,0.0,0.0
0.0,0.213,0.787,0.5719
0.0,1.0,0.0,0.0
0.357,0.427,0.216,-0.765
0.0,1.0,0.0,0.0
0.0,1.0,0.0,0.0
0.0,1.0,0.0,0.0
0.0,0.256,0.744,0.4404
0.0,0.43,0.57,0.6486
0.516,0.484,0.0,-0.4939
0.0,1.0,0.0,0.0
0.506,0.494,0.0,-0.6249
0.273,0.727,0.0,-0.5423
0.0,1.0,0.0,0.0
0.0,1.0,0.0,0.0
0.677,0.323,0.0,-0.2732
0.0,0.728,0.272,0.4767
0.0,1.0,0.0,0.0
0.0,0.625,0.375,0.2023
0.545,0.455,0.0,-0.5574
0.574,0.426,0.0,-0.4019
0.535,0.465,0.0,-0.3182
0.0,1.0,0.0,0.0
0.348,0.652,0.0,-0.4939
0.0,1.0,0.0,0.0
0.14,0.6,0.26,0.296
0.0,1.0,0.0,0.0
1.0,0.0,0.0,-0.4215
0.29,0.58,0.13,-0.5106
0.144,0.688,0.169,0.1027
0.485,0.515,0.0,-0.765
0.5,0.5,0.0,-0.25
0.44,0.417,0.144,-0.7506
0.0,1.0,0.0,0.0
0.0,0.0,0.0,0.0
0.507,0.141,0.352,-0.2732
0.0,1.0,0.0,0.0
0.302,0.698,0.0,-0.0772
0.0,1.0,0.0,0.0
0.0,1.0,0.0,0.0
0.472,0.278,0.25,-0.3818
0.0,1.0,0.0,0.0
0.0,1.0,0.0,0.0
0.783,0.217,0.0,-0.5574
0.0,0.8,0.2,0.128
0.0,0.545,0.455,0.6124
0.139,0.751,0.11,-0.128
0.0,0.775,0.225,0.4404
0.0,0.728,0.272,0.4767
0.0,0.0,0.0,0.0
0.0,0.714,0.286,0.4939
0.0,0.519,0.481,0.4019
0.0,1.0,0.0,0.0
0.336,0.554,0.111,-0.836
0.19,0.714,0.095,-0.296
0.236,0.685,0.079,-0.5574
0.0,0.793,0.207,0.5267
0.0,1.0,0.0,0.0
0.417,0.583,0.0,-0.6486
0.383,0.617,0.0,-0.4767
0.328,0.672,0.0,-0.5994
0.0,1.0,0.0,0.0
0.101,0.725,0.174,0.25
0.347,0.479,0.174,-0.4404
0.848,0.152,0.0,-0.6808
0.0,0.375,0.625,0.6124
0.173,0.827,0.0,-0.3182
0.366,0.419,0.215,-0.4404
0.0,0.558,0.442,0.7717
0.0,0.916,0.084,0.0258
0.0,1.0,0.0,0.0
0.0,1.0,0.0,0.0
0.0,0.729,0.271,0.3818
0.255,0.745,0.0,-0.34
0.0,0.357,0.643,0.5574
0.326,0.421,0.253,-0.1779
0.0,0.333,0.667,0.25
0.0,1.0,0.0,0.0
0.285,0.625,0.09,-0.4215
0.076,0.924,0.0,-0.4019
0.201,0.61,0.189,-0.0516
0.0,0.552,0.448,0.7579
0.0,1.0,0.0,0.0
0.0,1.0,0.0,0.0
0.0,1.0,0.0,0.0
0.138,0.862,0.0,-0.34
0.0,0.0,0.0,0.0
0.495,0.505,0.0,-0.8689
0.0,1.0,0.0,0.0
0.0,1.0,0.0,0.0
0.0,1.0,0.0,0.0
0.792,0.208,0.0,-0.5859
0.234,0.623,0.142,-0.4767
0.0,1.0,0.0,0.0
0.0,1.0,0.0,0.0
0.0,1.0,0.0,0.0
0.0,1.0,0.0,0.0
0.187,0.299,0.515,0.6597
0.0,0.366,0.634,0.886
0.0,1.0,0.0,0.0
0.0,0.58,0.42,0.7003
0.395,0.605,0.0,-0.9325
0.0,1.0,0.0,0.0
0.0,1.0,0.0,0.0
0.471,0.529,0.0,-0.8658
0.0,0.722,0.278,0.4019
0.0,1.0,0.0,0.0
0.0,1.0,0.0,0.0
0.412,0.588,0.0,-0.2732
0.0,1.0,0.0,0.0
0.0,1.0,0.0,0.0
0.172,0.448,0.381,0.4215
0.155,0.845,0.0,-0.6705
0.664,0.336,0.0,-0.7096
0.228,0.351,0.421,0.2732
0.0,1.0,0.0,0.0
0.0,0.639,0.361,0.8674
0.0,0.545,0.455,0.3612
0.233,0.63,0.137,-0.1685
0.184,0.676,0.14,-0.2263
0.0,1.0,0.0,0.0
0.0,1.0,0.0,0.0
0.0,0.649,0.351,0.4019
0.0,0.661,0.339,0.8835
0.209,0.791,0.0,-0.4404
0.0,1.0,0.0,0.0
0.115,0.676,0.209,0.34
0.0,1.0,0.0,0.0
0.0,1.0,0.0,0.0
0.0,1.0,0.0,0.0
0.0,1.0,0.0,0.0
0.385,0.615,0.0,-0.3612
0.0,0.566,0.434,0.3182
1.0,0.0,0.0,-0.7845
0.0,1.0,0.0,0.0
0.618,0.382,0.0,-0.8658
0.0,1.0,0.0,0.0
0.0,1.0,0.0,0.0
0.0,1.0,0.0,0.0
0.0,1.0,0.0,0.0
0.0,0.734,0.266,0.7003
0.0,0.571,0.429,0.4588
0.0,0.653,0.347,0.4927
0.129,0.625,0.246,0.4588
0.103,0.733,0.165,0.1779
0.0,0.707,0.293,0.4404
0.253,0.407,0.339,0.4404
0.0,0.315,0.685,0.5198
0.0,1.0,0.0,0.0
0.0,1.0,0.0,0.0
0.179,0.821,0.0,-0.34
0.0,1.0,0.0,0.0
0.0,1.0,0.0,0.0
0.0,1.0,0.0,0.0
0.205,0.795,0.0,-0.2023
0.274,0.726,0.0,-0.5267
0.0,1.0,0.0,0.0
0.184,0.816,0.0,-0.2023
0.36,0.315,0.324,-0.2023
0.33,0.319,0.351,0.1027
0.0,0.0,1.0,0.6486
0.0,1.0,0.0,0.0
0.08,0.625,0.295,0.7003
0.0,1.0,0.0,0.0
0.194,0.806,0.0,-0.34
0.0,1.0,0.0,0.0
0.17,0.458,0.373,0.4767
0.592,0.408,0.0,-0.4404
0.255,0.649,0.095,-0.5719
0.302,0.698,0.0,-0.3818
0.362,0.638,0.0,-0.1779
0.63,0.37,0.0,-0.5267
0.312,0.625,0.062,-0.8316
0.0,1.0,0.0,0.0
0.13,0.87,0.0,-0.128
0.0,0.536,0.464,0.3818
0.16,0.84,0.0,-0.2263
0.357,0.419,0.225,-0.8402
0.0,1.0,0.0,0.0
0.0,1.0,0.0,0.0
0.0,1.0,0.0,0.0
0.16,0.84,0.0,-0.2263
0.0,1.0,0.0,0.0
0.0,1.0,0.0,0.0
0.328,0.672,0.0,-0.8807
0.265,0.442,0.293,-0.0772
0.0,0.247,0.753,0.7269
0.233,0.568,0.199,-0.3818
0.246,0.508,0.246,0.0
0.0,0.0,0.0,0.0
0.583,0.417,0.0,-0.981
0.0,0.658,0.342,0.3818
0.183,0.563,0.254,0.128
0.0,0.6,0.4,0.4588
0.194,0.806,0.0,-0.34
0.435,0.37,0.194,-0.3818
0.315,0.479,0.205,-0.1531
0.0,0.323,0.677,0.6369
0.532,0.468,0.0,-0.93
0.0,1.0,0.0,0.0
0.0,1.0,0.0,0.0
0.0,1.0,0.0,0.0
0.479,0.521,0.0,-0.5574
0.146,0.854,0.0,-0.0516
0.0,1.0,0.0,0.0
